{
  "copyright":"Copyright 2021 Quantizr(_risk)",
  "license":"GPL-3.0 License <https://www.gnu.org/licenses/>",
  "Cobble-Wall-Pillar-2":[
    {
      "secretName":"1 - Lever",
      "category":"lever",
      "x":20,
      "y":69,
      "z":23
    },
    {
      "secretName":"1/2 - Entrance",
      "category":"entrance",
      "x":19,
      "y":70,
      "z":9
    },
    {
      "secretName":"1 - Chest",
      "category":"chest",
      "x":28,
      "y":60,
      "z":12
    },
    {
      "secretName":"2 - Chest",
      "category":"chest",
      "x":12,
      "y":61,
      "z":17
    }
  ],
  "Blaze-Room-1-High":[
    {
      "secretName":"1 - Entrance",
      "category":"entrance",
      "x":9,
      "y":70,
      "z":23
    },
    {
      "secretName":"1 - Chest",
      "category":"chest",
      "x":2,
      "y":68,
      "z":27
    }
  ],
  "Blaze-Room-1-Low":[
    {
      "secretName":"1 - Entrance",
      "category":"entrance",
      "x":9,
      "y":120,
      "z":23
    },
    {
      "secretName":"1 - Chest",
      "category":"chest",
      "x":2,
      "y":118,
      "z":27
    }
  ],
  "Tic-Tac-Toe-1":[
    {
      "secretName":"1 - Lever",
      "category":"lever",
      "x":13,
      "y":73,
      "z":25
    },
    {
      "secretName":"1 - Stonk",
      "category":"stonk",
      "x":9,
      "y":71,
      "z":22
    },    
    {
      "secretName":"1 - Chest",
      "category":"chest",
      "x":9,
      "y":69,
      "z":25
    }
  ],
  "Trap-Hard-4":[
    {
      "secretName":"1 - Chest",
      "category":"chest",
      "x":26,
      "y":83,
      "z":4
    },
    {
      "secretName":"2 - Lever",
      "category":"lever",
      "x":28,
      "y":83,
      "z":3
    },
    {
      "secretName":"2 - Chest",
      "category":"chest",
      "x":23,
      "y":90,
      "z":17
    },
    {
      "secretName":"3 - Bat",
      "category":"bat",
      "x":22,
      "y":90,
      "z":9
    },
    {
      "secretName":"4 - Lever",
      "category":"lever",
      "x":4,
      "y":90,
      "z":8
    },
    {
      "secretName":"4 - Stonk",
      "category":"stonk",
      "x":6,
      "y":70,
      "z":6
    },    
    {
      "secretName":"4 - Chest",
      "category":"chest",
      "x":4,
      "y":71,
      "z":9
    }
  ],
  "Trap-Very-Hard-3":[
    {
      "secretName":"1 - Lever Behind Crypt",
      "category":"lever",
      "x":22,
      "y":66,
      "z":20
    },
    {
      "secretName":"1 - Chest",
      "category":"chest",
      "x":5,
      "y":67,
      "z":12
    },
    {
      "secretName":"2 - Lever",
      "category":"lever",
      "x":1,
      "y":81,
      "z":18
    },
    {
      "secretName":"2 - Chest",
      "category":"chest",
      "x":26,
      "y":90,
      "z":14
    },
    {
      "secretName":"3 - Bat",
      "category":"bat",
      "x":21,
      "y":91,
      "z":21
    }
  ],
  "Admin-0":[
    {
      "secretName":"Fairy Soul behind Crypt",
      "category":"fairysoul",
      "x":15,
      "y":95,
      "z":29
    }
  ],
  "Tomioka-0":[
    {
      "secretName":"Fairy Soul - Entrance",
      "category":"entrance",
      "x":12,
      "y":71,
      "z":5
    },
    {
      "secretName":"Fairy Soul",
      "category":"fairysoul",
      "x":24,
      "y":69,
      "z":3
    }
  ],
  "Arrow-Trap-1":[
    {
      "secretName":"1 - Lever behind Crypt",
      "category":"lever",
      "x":15,
      "y":70,
      "z":23
    },
    {
      "secretName":"1 - Stonk",
      "category":"stonk",
      "x":15,
      "y":71,
      "z":23
    },
    {
      "secretName":"1 - Chest",
      "category":"chest",
      "x":14,
      "y":69,
      "z":4
    }
  ],
  "Banners-1":[
    {
      "secretName":"1 - Entrance behind Painting",
      "category":"entrance",
      "x":22,
      "y":72,
      "z":15
    },
    {
      "secretName":"1 - Chest",
      "category":"chest",
      "x":27,
      "y":72,
      "z":15
    }
  ],
  "Basement-1":[
    {
      "secretName":"1 - Entrance",
      "category":"entrance",
      "x":11,
      "y":68,
      "z":19
    },
    {
      "secretName":"1 - Wither Essence",
      "category":"wither",
      "x":5,
      "y":66,
      "z":25
    }
  ],
  "Blue-Skulls-1":[
    {
      "secretName":"1 - Entrance",
      "category":"entrance",
      "x":4,
      "y":77,
      "z":21
    },
    {
      "secretName":"1 - Item",
      "category":"item",
      "x":27,
      "y":77,
      "z":29
    }
  ],
  "Carpets-1":[
    {
      "secretName":"1 - Chest",
      "category":"chest",
      "x":15,
      "y":85,
      "z":15
    }
  ],
  "Cage-1":[
    {
      "secretName":"1 - Entrance",
      "category":"entrance",
      "x":4,
      "y":71,
      "z":23
    },
    {
      "secretName":"1 - Stonk",
      "category":"stonk",
      "x":11,
      "y":72,
      "z":18
    },    
    {
      "secretName":"1 - Chest",
      "category":"chest",
      "x":12,
      "y":72,
      "z":20
    }
  ],
  "Cell-1":[
    {
      "secretName":"1 - Superboom",
      "category":"superboom",
      "x":12,
      "y":70,
      "z":20
    },
    {
      "secretName":"1 - Stonk",
      "category":"stonk",
      "x":10,
      "y":70,
      "z":20
    },    
    {
      "secretName":"1 - Item",
      "category":"item",
      "x":10,
      "y":69,
      "z":22
    }
  ],
  "Duncan-1":[
    {
      "secretName":"1 - Item",
      "category":"item",
      "x":12,
      "y":89,
      "z":7
    }
  ],
  "Golden-Oasis-1":[
    {
      "secretName":"1 - Redstone Skull (right click)",
      "category":"lever",
      "x":12,
      "y":71,
      "z":8
    },
    {
      "secretName":"1 - Lever",
      "category":"lever",
      "x":29,
      "y":71,
      "z":25
    },
    {
      "secretName":"1 - Place Skull",
      "category":"lever",
      "x":9,
      "y":71,
      "z":3
    },
    {
      "secretName":"2/3 - Entrance",
      "category":"entrance",
      "x":28,
      "y":69,
      "z":25
    },
    {
      "secretName":"2 - Chest",
      "category":"chest",
      "x":13,
      "y":63,
      "z":25
    },
    {
      "secretName":"3 - Chest",
      "category":"chest",
      "x":12,
      "y":63,
      "z":23
    }
  ],
  "Hanging-Vines-1":[
    {
      "secretName":"1 - Entrance",
      "category":"entrance",
      "x":16,
      "y":88,
      "z":13
    },
    {
      "secretName":"1 - Chest",
      "category":"chest",
      "x":12,
      "y":89,
      "z":13
    }
  ],
  "Jumping-Skulls-1":[
    {
      "secretName":"1 - Chest",
      "category":"chest",
      "x":26,
      "y":62,
      "z":23
    }
  ],
  "Leaves-1":[
    {
      "secretName":"1 - Superboom",
      "category":"superboom",
      "x":15,
      "y":82,
      "z":15
    },
    {
      "secretName":"1 - Chest",
      "category":"chest",
      "x":14,
      "y":81,
      "z":27
    },
    {
      "secretName":"Fairy Soul",
      "category":"fairysoul",
      "x":2,
      "y":74,
      "z":28
    }
  ],
  "Locked-Away-1":[
    {
      "secretName":"1 - Entrance",
      "category":"entrance",
      "x":19,
      "y":71,
      "z":5
    },
    {
      "secretName":"1 - Stonk",
      "category":"stonk",
      "x":22,
      "y":76,
      "z":27
    },    
    {
      "secretName":"1 - Chest",
      "category":"chest",
      "x":26,
      "y":75,
      "z":29
    }
  ],
  "Mirror-1":[
    {
      "secretName":"1 - Superboom",
      "category":"superboom",
      "x":11,
      "y":55,
      "z":17
    },
    {
      "secretName":"1 - Chest",
      "category":"chest",
      "x":3,
      "y":55,
      "z":17
    }
  ],
  "Multicolored-1":[
    {
      "secretName":"1 - Superboom",
      "category":"superboom",
      "x":26,
      "y":70,
      "z":11
    },
    {
      "secretName":"1 - Chest",
      "category":"chest",
      "x":25,
      "y":70,
      "z":4
    }
  ],
  "Mural-1":[
    {
      "secretName":"1 - Superboom",
      "category":"superboom",
      "x":18,
      "y":78,
      "z":15
    },
    {
      "secretName":"1 - Chest",
      "category":"chest",
      "x":26,
      "y":83,
      "z":7
    }
  ],
  "Mushroom-1":[
    {
      "secretName":"1 - Mushroom (right click)",
      "category":"lever",
      "x":20,
      "y":69,
      "z":21
    },
    {
      "secretName":"1 - Chest",
      "category":"chest",
      "x":16,
      "y":80,
      "z":17
    }
  ],
  "Pillars-1":[
    {
      "secretName":"1 - Superboom",
      "category":"superboom",
      "x":15,
      "y":70,
      "z":23
    },
    {
      "secretName":"1 - Lever",
      "category":"lever",
      "x":24,
      "y":88,
      "z":3
    },
    {
      "secretName":"1 - Chest",
      "category":"chest",
      "x":24,
      "y":69,
      "z":19
    }
  ],
  "Prison-Cell-1":[
    {
      "secretName":"1 - Entrance Vines",
      "category":"entrance",
      "x":2,
      "y":71,
      "z":19
    },
    {
      "secretName":"1 - Chest",
      "category":"chest",
      "x":10,
      "y":76,
      "z":23
    }
  ],
  "Sanctuary-1":[
    {
      "secretName":"1 - Lever",
      "category":"lever",
      "x":17,
      "y":80,
      "z":1
    },
    {
      "secretName":"1 - Chest",
      "category":"chest",
      "x":26,
      "y":69,
      "z":17
    }
  ],
  "Sand-Dragon-1":[
    {
      "secretName":"1 - Entrance",
      "category":"entrance",
      "x":4,
      "y":79,
      "z":23
    },
    {
      "secretName":"1 - Chest",
      "category":"chest",
      "x":15,
      "y":86,
      "z":26
    }
  ],
  "Silvers-Sword-1":[
    {
      "secretName":"1 - Superboom",
      "category":"superboom",
      "x":21,
      "y":70,
      "z":14
    },
    {
      "secretName":"1 - Stonk",
      "category":"stonk",
      "x":21,
      "y":70,
      "z":13
    },    
    {
      "secretName":"1 - Chest",
      "category":"chest",
      "x":18,
      "y":69,
      "z":13
    }
  ],
  "Sloth-1":[
    {
      "secretName":"1 - Superboom",
      "category":"superboom",
      "x":7,
      "y":70,
      "z":20
    },
    {
      "secretName":"1 - Stonk",
      "category":"stonk",
      "x":10,
      "y":69,
      "z":22
    },    
    {
      "secretName":"1 - Item",
      "category":"item",
      "x":9,
      "y":69,
      "z":22
    }
  ],
  "Steps-1":[
    {
      "secretName":"1 - Entrance",
      "category":"entrance",
      "x":20,
      "y":70,
      "z":10
    },
    {
      "secretName":"1 - Bat",
      "category":"bat",
      "x":15,
      "y":73,
      "z":4
    }
  ],
  "Andesite-2":[
    {
      "secretName":"1/2 - Superboom",
      "category":"superboom",
      "x":3,
      "y":71,
      "z":20
    },
    {
      "secretName":"1 - Wither Essence",
      "category":"wither",
      "x":6,
      "y":69,
      "z":22
    },
    {
      "secretName":"2 - Item",
      "category":"item",
      "x":1,
      "y":69,
      "z":28
    }
  ],
  "Beams-2":[
    {
      "secretName":"1 - Entrance",
      "category":"entrance",
      "x":4,
      "y":82,
      "z":11
    },
    {
      "secretName":"1 - Chest",
      "category":"chest",
      "x":7,
      "y":81,
      "z":2
    },
    {
      "secretName":"2 - Entrance",
      "category":"entrance",
      "x":12,
      "y":93,
      "z":25
    },
    {
      "secretName":"2 - Item",
      "category":"item",
      "x":9,
      "y":92,
      "z":25
    }
  ],
  "Big-Red-Flag-2":[
    {
      "secretName":"1/2 - Entrance",
      "category":"entrance",
      "x":26,
      "y":78,
      "z":16
    },
    {
      "secretName":"1 - Item",
      "category":"item",
      "x":21,
      "y":75,
      "z":23
    },
    {
      "secretName":"2 - Item",
      "category":"item",
      "x":26,
      "y":75,
      "z":25
    }
  ],
  "Cages-2":[
    {
      "secretName":"1 - Lever",
      "category":"lever",
      "x":6,
      "y":85,
      "z":2
    },
    {
      "secretName":"1 - Chest",
      "category":"chest",
      "x":7,
      "y":58,
      "z":11
    },
    {
      "secretName":"2 - Item",
      "category":"item",
      "x":28,
      "y":98,
      "z":5
    }
  ],
  "Chains-2":[
    {
      "secretName":"1 - Superboom",
      "category":"superboom",
      "x":19,
      "y":70,
      "z":6
    },
    {
      "secretName":"1 - Chest",
      "category":"chest",
      "x":27,
      "y":69,
      "z":10
    },
    {
      "secretName":"2 - Entrance",
      "category":"entrance",
      "x":7,
      "y":84,
      "z":15
    },
    {
      "secretName":"2 - Entrance",
      "category":"entrance",
      "x":6,
      "y":78,
      "z":3
    },
    {
      "secretName":"2 - Chest",
      "category":"chest",
      "x":17,
      "y":86,
      "z":14
    }
  ],
  "Dip-2":[
    {
      "secretName":"1 - Lever behind Crypt",
      "category":"lever",
      "x":19,
      "y":79,
      "z":26
    },
    {
      "secretName":"1 - Stonk",
      "category":"stonk",
      "x":21,
      "y":80,
      "z":17
    },    
    {
      "secretName":"1 - Chest",
      "category":"chest",
      "x":18,
      "y":78,
      "z":16
    },
    {
      "secretName":"2 - Chest",
      "category":"chest",
      "x":2,
      "y":78,
      "z":24
    }
  ],
  "Dome-2":[
    {
      "secretName":"1 - Bat",
      "category":"bat",
      "x":26,
      "y":70,
      "z":23
    },
    {
      "secretName":"2 - Entrance",
      "category":"entrance",
      "x":24,
      "y":73,
      "z":10
    },
    {
      "secretName":"2 - Lever",
      "category":"lever",
      "x":24,
      "y":75,
      "z":21
    },
    {
      "secretName":"2 - Stonk",
      "category":"stonk",
      "x":23,
      "y":78,
      "z":25
    },    
    {
      "secretName":"2 - Chest",
      "category":"chest",
      "x":26,
      "y":78,
      "z":27
    }
  ],
  "Drop-2":[
    {
      "secretName":"1 - Chest",
      "category":"chest",
      "x":25,
      "y":77,
      "z":2
    },
    {
      "secretName":"1 - Stonk",
      "category":"stonk",
      "x":21,
      "y":78,
      "z":2
    },
    {
      "secretName":"2 - Superboom",
      "category":"superboom",
      "x":9,
      "y":60,
      "z":15
    },
    {
      "secretName":"2 - Chest",
      "category":"chest",
      "x":5,
      "y":59,
      "z":15
    }
  ],
  "End-2":[
    {
      "secretName":"1 - Superboom",
      "category":"superboom",
      "x":6,
      "y":63,
      "z":18
    },
    {
      "secretName":"1 - Wither Essence",
      "category":"wither",
      "x":6,
      "y":63,
      "z":2
    },
    {
      "secretName":"2 - Lever",
      "category":"lever",
      "x":7,
      "y":84,
      "z":5
    },
    {
      "secretName":"2 - Stonk",
      "category":"stonk",
      "x":15,
      "y":70,
      "z":10
    },
    {
      "secretName":"2 - Chest",
      "category":"chest",
      "x":15,
      "y":69,
      "z":6
    }
  ],
  "Granite-2":[
    {
      "secretName":"1/2 - Entrance Water",
      "category":"entrance",
      "x":17,
      "y":70,
      "z":25
    },
    {
      "secretName":"1 - Wither Essence",
      "category":"wither",
      "x":13,
      "y":61,
      "z":29
    },
    {
      "secretName":"2 - Item",
      "category":"item",
      "x":14,
      "y":61,
      "z":24
    }
  ],
  "Overgrown-Chains-2":[
    {
      "secretName":"1 - Entrance",
      "category":"entrance",
      "x":3,
      "y":86,
      "z":9
    },
    {
      "secretName":"1 - Chest",
      "category":"chest",
      "x":26,
      "y":86,
      "z":20
    },
    {
      "secretName":"1 - Stonk",
      "category":"stonk",
      "x":24,
      "y":87,
      "z":19
    },
    {
      "secretName":"2 - Item",
      "category":"item",
      "x":3,
      "y":82,
      "z":2
    }
  ],
  "Painting-2":[
    {
      "secretName":"1 - Entrance behind Painting",
      "category":"entrance",
      "x":21,
      "y":75,
      "z":14
    },
    {
      "secretName":"1 - Item",
      "category":"item",
      "x":24,
      "y":68,
      "z":22
    },
    {
      "secretName":"2 - Entrance",
      "category":"entrance",
      "x":9,
      "y":80,
      "z":25
    },
    {
      "secretName":"2 - Wither Essence",
      "category":"wither",
      "x":6,
      "y":80,
      "z":21
    }
  ],
  "Perch-2":[
    {
      "secretName":"1 - Item",
      "category":"item",
      "x":20,
      "y":76,
      "z":19
    },
    {
      "secretName":"2 - Chest",
      "category":"chest",
      "x":15,
      "y":74,
      "z":1
    }
  ],
  "Quad-Lava-2":[
    {
      "secretName":"1 - Chest",
      "category":"chest",
      "x":5,
      "y":70,
      "z":25
    },
    {
      "secretName":"2 - Entrance under Lava",
      "category":"entrance",
      "x":24,
      "y":61,
      "z":7
    },
    {
      "secretName":"2 - Chest",
      "category":"chest",
      "x":19,
      "y":60,
      "z":10
    }
  ],
  "Scaffolding-2":[
    {
      "secretName":"1 - Chest",
      "category":"chest",
      "x":5,
      "y":82,
      "z":28
    },
    {
      "secretName":"2 - Item",
      "category":"item",
      "x":18,
      "y":81,
      "z":8
    }
  ],
  "Slabs-2":[
    {
      "secretName":"1 - Chest (click both sides)",
      "category":"chest",
      "x":22,
      "y":85,
      "z":3
    },
    {
      "secretName":"2 - Chest (click both sides)",
      "category":"chest",
      "x":23,
      "y":85,
      "z":3
    }
  ],
  "Small-Stairs-2":[
    {
      "secretName":"1 - Entrance",
      "category":"entrance",
      "x":18,
      "y":66,
      "z":4
    },
    {
      "secretName":"1 - Item",
      "category":"item",
      "x":24,
      "y":63,
      "z":3
    },
    {
      "secretName":"2 - Superboom",
      "category":"superboom",
      "x":3,
      "y":82,
      "z":13
    },
    {
      "secretName":"2 - Chest",
      "category":"chest",
      "x":3,
      "y":82,
      "z":6
    }
  ],
  "Stone-Window-2":[
    {
      "secretName":"1 - Item",
      "category":"item",
      "x":28,
      "y":71,
      "z":4
    },
    {
      "secretName":"2 - Entrance",
      "category":"entrance",
      "x":4,
      "y":70,
      "z":7
    },
    {
      "secretName":"2 - Bat",
      "category":"bat",
      "x":3,
      "y":70,
      "z":11
    },
    {
      "secretName":"Fairy Soul - Entrance",
      "category":"entrance",
      "x":26,
      "y":78,
      "z":9
    },
    {
      "secretName":"Fairy Soul",
      "category":"fairysoul",
      "x":28,
      "y":77,
      "z":3
    }
  ],
  "Water-2":[
    {
      "secretName":"1 - Lever",
      "category":"lever",
      "x":15,
      "y":70,
      "z":7
    },
    {
      "secretName":"1 - Chest",
      "category":"chest",
      "x":2,
      "y":69,
      "z":5
    },
    {
      "secretName":"1 - Stonk",
      "category":"stonk",
      "x":2,
      "y":70,
      "z":8
    },    
    {
      "secretName":"2 - Bat",
      "category":"bat",
      "x":10,
      "y":70,
      "z":26
    }
  ],
  "Waterfall-2":[
    {
      "secretName":"1/2 - Entrance",
      "category":"entrance",
      "x":1,
      "y":78,
      "z":17
    },
    {
      "secretName":"1 - Wither Essence",
      "category":"wither",
      "x":6,
      "y":77,
      "z":26
    },
    {
      "secretName":"2 - Bat",
      "category":"bat",
      "x":3,
      "y":78,
      "z":23
    }
  ],
  "Tombstone-2":[
    {
      "secretName":"1 - Entrance",
      "category":"entrance",
      "x":26,
      "y":78,
      "z":13
    },
    {
      "secretName":"1 - Wither Essence",
      "category":"wither",
      "x":27,
      "y":76,
      "z":16
    },
    {
      "secretName":"2 - Entrance",
      "category":"entrance",
      "x":15,
      "y":74,
      "z":21
    },
    {
      "secretName":"2 - Chest",
      "category":"chest",
      "x":15,
      "y":70,
      "z":26
    }
  ],
  "Double-Diamond-3":[
    {
      "secretName":"1 - Superboom",
      "category":"superboom",
      "x":6,
      "y":70,
      "z":10
    },
    {
      "secretName":"1 - Wither Essence",
      "category":"wither",
      "x":6,
      "y":69,
      "z":6
    },
    {
      "secretName":"2 - Item",
      "category":"item",
      "x":24,
      "y":65,
      "z":23
    },
    {
      "secretName":"3 - Entrance",
      "category":"entrance",
      "x":26,
      "y":86,
      "z":17
    },
    {
      "secretName":"3 - Stonk",
      "category":"stonk",
      "x":10,
      "y":83,
      "z":19
    },
    {
      "secretName":"3 - Lever",
      "category":"lever",
      "x":24,
      "y":88,
      "z":26
    },
    {
      "secretName":"3 - Chest",
      "category":"chest",
      "x":11,
      "y":82,
      "z":19
    }
  ],
  "Black-Flag-3":[
    {
      "secretName":"1 - Entrance",
      "category":"entrance",
      "x":24,
      "y":81,
      "z":3
    },
    {
      "secretName":"1 - Chest",
      "category":"chest",
      "x":27,
      "y":80,
      "z":3
    },
    {
      "secretName":"2 - Entrance",
      "category":"entrance",
      "x":19,
      "y":80,
      "z":25
    },
    {
      "secretName":"2 - Chest",
      "category":"chest",
      "x":28,
      "y":80,
      "z":25
    },
    {
      "secretName":"3 - Item",
      "category":"item",
      "x":22,
      "y":59,
      "z":27
    }
  ],
  "Lava-Skull-3":[
    {
      "secretName":"1 - Item",
      "category":"item",
      "x":18,
      "y":84,
      "z":28
    },
    {
      "secretName":"2/3 - Lever",
      "category":"lever",
      "x":15,
      "y":85,
      "z":2
    },
    {
      "secretName":"2/3 - Entrance",
      "category":"entrance",
      "x":12,
      "y":70,
      "z":6
    },
    {
      "secretName":"2 - Bat",
      "category":"bat",
      "x":2,
      "y":70,
      "z":11
    },
    {
      "secretName":"3 - Chest",
      "category":"chest",
      "x":5,
      "y":69,
      "z":7
    }
  ],
  "Long-Hall-3":[
    {
      "secretName":"1 - Crypt",
      "category":"superboom",
      "x":6,
      "y":70,
      "z":25
    },
    {
      "secretName":"1 - Chest",
      "category":"chest",
      "x":18,
      "y":62,
      "z":23
    },
    {
      "secretName":"2 - Superboom",
      "category":"superboom",
      "x":15,
      "y":70,
      "z":5
    },
    {
      "secretName":"2 - Lever",
      "category":"lever",
      "x":10,
      "y":70,
      "z":3
    },
    {
      "secretName":"2 - Entrance",
      "category":"entrance",
      "x":10,
      "y":85,
      "z":20
    },
    {
      "secretName":"2 - Chest",
      "category":"chest",
      "x":28,
      "y":81,
      "z":25
    },
    {
      "secretName":"3 - Chest",
      "category":"chest",
      "x":28,
      "y":82,
      "z":15
    }
  ],
  "Dueces-3":[
    {
      "secretName":"1/2 - Superboom",
      "category":"superboom",
      "x":17,
      "y":70,
      "z":2
    },
    {
      "secretName":"1 - Item",
      "category":"item",
      "x":9,
      "y":70,
      "z":5
    },
    {
      "secretName":"2 - Bat",
      "category":"bat",
      "x":13,
      "y":71,
      "z":9
    },
    {
      "secretName":"3 - Superboom (not the chest in front)",
      "category":"superboom",
      "x":11,
      "y":80,
      "z":15
    },
    {
      "secretName":"3 - Chest",
      "category":"chest",
      "x":2,
      "y":78,
      "z":15
    }
  ],
  "Lava-Pool-3":[
    {
      "secretName":"1 - Entrance",
      "category":"entrance",
      "x":15,
      "y":69,
      "z":17
    },
    {
      "secretName":"1 - Chest",
      "category":"chest",
      "x":15,
      "y":63,
      "z":13
    },
    {
      "secretName":"2 - Item",
      "category":"item",
      "x":3,
      "y":88,
      "z":15
    },
    {
      "secretName":"3 - Entrance",
      "category":"entrance",
      "x":11,
      "y":90,
      "z":6
    },
    {
      "secretName":"3 - Chest",
      "category":"chest",
      "x":23,
      "y":92,
      "z":3
    }
  ],
  "Knight-3":[
    {
      "secretName":"1/2 - Lever",
      "category":"lever",
      "x":3,
      "y":70,
      "z":9
    },
    {
      "secretName":"1 - Chest (click both sides)",
      "category":"chest",
      "x":25,
      "y":69,
      "z":29
    },
    {
      "secretName":"2 - Chest (click both sides)",
      "category":"chest",
      "x":24,
      "y":69,
      "z":29
    },
    {
      "secretName":"3 - Bat",
      "category":"bat",
      "x":7,
      "y":70,
      "z":25
    }
  ],
  "Lots-Of-Floors-3":[
    {
      "secretName":"1 - Entrance Vines",
      "category":"entrance",
      "x":27,
      "y":80,
      "z":7
    },
    {
      "secretName":"1 - Chest",
      "category":"chest",
      "x":25,
      "y":84,
      "z":7
    },
    {
      "secretName":"2 - Superboom",
      "category":"superboom",
      "x":5,
      "y":70,
      "z":21
    },
    {
      "secretName":"2 - Chest",
      "category":"chest",
      "x":5,
      "y":69,
      "z":28
    },
    {
      "secretName":"3 - Lever",
      "category":"lever",
      "x":12,
      "y":62,
      "z":14
    },
    {
      "secretName":"3 - Entrance",
      "category":"entrance",
      "x":15,
      "y":77,
      "z":18
    },
    {
      "secretName":"3 - Alternate Entrance",
      "category":"entrance",
      "x":5,
      "y":76,
      "z":5
    },
    {
      "secretName":"3 - Chest",
      "category":"chest",
      "x":1,
      "y":76,
      "z":5
    }
  ],
  "Mini-Rail-Track-3":[
    {
      "secretName":"1 - Entrance",
      "category":"entrance",
      "x":22,
      "y":70,
      "z":3
    },
    {
      "secretName":"2 - Bat",
      "category":"bat",
      "x":5,
      "y":77,
      "z":23
    },
    {
      "secretName":"1 - Bat",
      "category":"bat",
      "x":20,
      "y":70,
      "z":9
    },
    {
      "secretName":"3 - Entrance",
      "category":"entrance",
      "x":6,
      "y":72,
      "z":23
    },
    {
      "secretName":"3 - Entrance behind Lava",
      "category":"entrance",
      "x":15,
      "y":60,
      "z":3
    },
    {
      "secretName":"3 - Chest",
      "category":"chest",
      "x":28,
      "y":63,
      "z":7
    }
  ],
  "Overgrown-3":[
    {
      "secretName":"1 - Superboom",
      "category":"superboom",
      "x":5,
      "y":70,
      "z":10
    },
    {
      "secretName":"1 - Item",
      "category":"item",
      "x":5,
      "y":70,
      "z":1
    },
    {
      "secretName":"2 - Lever",
      "category":"lever",
      "x":27,
      "y":81,
      "z":15
    },
    {
      "secretName":"2 - Stonk",
      "category":"stonk",
      "x":7,
      "y":80,
      "z":15
    },    
    {
      "secretName":"2 - Entrance",
      "category":"entrance",
      "x":6,
      "y":80,
      "z":24
    },
    {
      "secretName":"2 - Chest",
      "category":"chest",
      "x":6,
      "y":79,
      "z":15
    },
    {
      "secretName":"2 - Stonk",
      "category":"stonk",
      "x":7,
      "y":80,
      "z":15
    },
    {
      "secretName":"3 - Wither Essence",
      "category":"wither",
      "x":5,
      "y":87,
      "z":19
    }
  ],
  "Red-Green-3":[
    {
      "secretName":"1/2 - Entrance",
      "category":"entrance",
      "x":5,
      "y":70,
      "z":10
    },
    {
      "secretName":"1 - Item",
      "category":"item",
      "x":1,
      "y":61,
      "z":15
    },
    {
      "secretName":"2 - Lever",
      "category":"lever",
      "x":29,
      "y":61,
      "z":15
    },
    {
      "secretName":"2 - Chest",
      "category":"chest",
      "x":29,
      "y":75,
      "z":15
    },
    {
      "secretName":"3 - Superboom",
      "category":"superboom",
      "x":13,
      "y":78,
      "z":24
    },
    {
      "secretName":"3 - Item",
      "category":"item",
      "x":13,
      "y":77,
      "z":28
    }
  ],
  "Redstone-Key-3":[
    {
      "secretName":"1 - Redstone Skull (right click)",
      "category":"lever",
      "x":10,
      "y":70,
      "z":26
    },
    {
      "secretName":"1 - Lever behind Crypt",
      "category":"lever",
      "x":5,
      "y":70,
      "z":27
    },
    {
      "secretName":"1 - Item",
      "category":"item",
      "x":25,
      "y":69,
      "z":6
    },
    {
      "secretName":"2 - Place Skull",
      "category":"lever",
      "x":27,
      "y":69,
      "z":7
    },
    {
      "secretName":"3 - Entrance",
      "category":"entrance",
      "x":19,
      "y":67,
      "z":23
    },
    {
      "secretName":"3 - Chest",
      "category":"chest",
      "x":28,
      "y":62,
      "z":23
    }
  ],
  "Sarcophagus-3":[
    {
      "secretName":"1 - Superboom",
      "category":"superboom",
      "x":15,
      "y":70,
      "z":8
    },
    {
      "secretName":"1 - Chest",
      "category":"chest",
      "x":15,
      "y":69,
      "z":4
    },
    {
      "secretName":"1 - Stonk",
      "category":"stonk",
      "x":15,
      "y":70,
      "z":8
    },
    {
      "secretName":"2/3 - Entrance",
      "category":"entrance",
      "x":24,
      "y":72,
      "z":20
    },
    {
      "secretName":"2 - Wither Essence",
      "category":"wither",
      "x":18,
      "y":68,
      "z":27
    },
    {
      "secretName":"3 - Bat",
      "category":"bat",
      "x":22,
      "y":70,
      "z":25
    }
  ],
  "Spikes-3":[
    {
      "secretName":"1 - Entrance",
      "category":"entrance",
      "x":16,
      "y":91,
      "z":11
    },
    {
      "secretName":"1 - Chest",
      "category":"chest",
      "x":4,
      "y":91,
      "z":11
    },
    {
      "secretName":"1 - Stonk",
      "category":"stonk",
      "x":15,
      "y":70,
      "z":8
    },
    {
      "secretName":"2/3 - Entrance",
      "category":"entrance",
      "x":4,
      "y":52,
      "z":7
    },
    {
      "secretName":"2 - Bat",
      "category":"bat",
      "x":2,
      "y":54,
      "z":8
    },
    {
      "secretName":"3 - Wither Essence",
      "category":"wither",
      "x":1,
      "y":53,
      "z":8
    }
  ],
  "Temple-3":[
    {
      "secretName":"1 - Item",
      "category":"item",
      "x":20,
      "y":78,
      "z":28
    },
    {
      "secretName":"2 - Entrance",
      "category":"entrance",
      "x":7,
      "y":65,
      "z":27
    },
    {
      "secretName":"2 - Bat",
      "category":"bat",
      "x":3,
      "y":64,
      "z":26
    },
    {
      "secretName":"3 - Entrance",
      "category":"entrance",
      "x":26,
      "y":65,
      "z":19
    },
    {
      "secretName":"3 - Entrance",
      "category":"entrance",
      "x":26,
      "y":65,
      "z":11
    },
    {
      "secretName":"3 - Chest",
      "category":"chest",
      "x":16,
      "y":54,
      "z":15
    }
  ],
  "Logs-4":[
    {
      "secretName":"1/2 - Lever",
      "category":"lever",
      "x":25,
      "y":84,
      "z":28
    },
    {
      "secretName":"1 - Chest (click both sides)",
      "category":"chest",
      "x":1,
      "y":70,
      "z":24
    },
    {
      "secretName":"2 - Chest (click both sides)",
      "category":"chest",
      "x":1,
      "y":70,
      "z":23
    },
    {
      "secretName":"3/4 - Entrance",
      "category":"entrance",
      "x":3,
      "y":79,
      "z":19
    },
    {
      "secretName":"3/4 - Stonk",
      "category":"stonk",
      "x":11,
      "y":78,
      "z":23
    },    
    {
      "secretName":"3 - Chest (click both sides)",
      "category":"chest",
      "x":9,
      "y":78,
      "z":23
    },
    {
      "secretName":"4 - Chest (click both sides)",
      "category":"chest",
      "x":9,
      "y":78,
      "z":24
    }
  ],
  "Raccoon-4":[
    {
      "secretName":"1 - Chest",
      "category":"chest",
      "x":6,
      "y":77,
      "z":24
    },
    {
      "secretName":"2/3 - Entrance",
      "category":"entrance",
      "x":21,
      "y":78,
      "z":26
    },
    {
      "secretName":"2/3 - Superboom",
      "category":"superboom",
      "x":25,
      "y":74,
      "z":22
    },
    {
      "secretName":"2 - Chest",
      "category":"chest",
      "x":27,
      "y":69,
      "z":24
    },
    {
      "secretName":"3 - Chest",
      "category":"chest",
      "x":21,
      "y":69,
      "z":24
    },
    {
      "secretName":"4 - Entrance",
      "category":"entrance",
      "x":26,
      "y":85,
      "z":4
    },
    {
      "secretName":"4 - Chest",
      "category":"chest",
      "x":26,
      "y":84,
      "z":8
    },
    {
      "secretName":"Fairy Soul",
      "category":"fairysoul",
      "x":19,
      "y":83,
      "z":8
    }
  ],
  "Gold-1":[
    {
      "secretName":"1 - Entrance",
      "category":"entrance",
      "x":50,
      "y":74,
      "z":18
    },
    {
      "secretName":"1 - Stonk",
      "category":"stonk",
      "x":11,
      "y":70,
      "z":15
    },  
    {
      "secretName":"1 - Wither Essence",
      "category":"wither",
      "x":14,
      "y":69,
      "z":13
    }
  ],
  "Skull-2":[
    {
      "secretName":"1 - Chest",
      "category":"chest",
      "x":2,
      "y":88,
      "z":15
    },
    {
      "secretName":"2 - Entrance",
      "category":"entrance",
      "x":52,
      "y":86,
      "z":4
    },
    {
      "secretName":"2 - Chest",
      "category":"chest",
      "x":52,
      "y":91,
      "z":7
    }
  ],
  "Archway-3":[
    {
      "secretName":"1 - Superboom",
      "category":"superboom",
      "x":11,
      "y":70,
      "z":5
    },
    {
      "secretName":"1 - Chest",
      "category":"chest",
      "x":1,
      "y":70,
      "z":2
    },
    {
      "secretName":"2/3 - Entrance",
      "category":"entrance",
      "x":4,
      "y":70,
      "z":19
    },
    {
      "secretName":"2 - Item",
      "category":"item",
      "x":7,
      "y":82,
      "z":26
    },
    {
      "secretName":"3 - Entrance",
      "category":"entrance",
      "x":24,
      "y":89,
      "z":16
    },
    {
      "secretName":"3 - Item",
      "category":"item",
      "x":53,
      "y":89,
      "z":13
    }
  ],
  "Grass-Ruin-3":[
    {
      "secretName":"1 - Superboom",
      "category":"superboom",
      "x":46,
      "y":81,
      "z":24
    },
    {
      "secretName":"1 - Stonk",
      "category":"stonk",
      "x":46,
      "y":80,
      "z":24
    },
    {
      "secretName":"1 - Wither Essence",
      "category":"wither",
      "x":48,
      "y":81,
      "z":24
    },
    {
      "secretName":"2 - Entrance",
      "category":"entrance",
      "x":16,
      "y":106,
      "z":17
    },
    {
      "secretName":"2 - Chest",
      "category":"chest",
      "x":11,
      "y":107,
      "z":10
    },
    {
      "secretName":"3 - Lever 1",
      "category":"lever",
      "x":31,
      "y":82,
      "z":28
    },
    {
      "secretName":"3 - Entrance 1",
      "category":"entrance",
      "x":31,
      "y":64,
      "z":17
    },
    {
      "secretName":"3 - Entrance 2",
      "category":"entrance",
      "x":34,
      "y":58,
      "z":14
    },
    {
      "secretName":"3 - Lever 2",
      "category":"Lever",
      "x":31,
      "y":53,
      "z":24
    },
    {
      "secretName":"3 - Chest",
      "category":"chest",
      "x":3,
      "y":55,
      "z":14
    }
  ],
  "Redstone-Warrior-3":[
    {
      "secretName":"1 - Superboom",
      "category":"superboom",
      "x":59,
      "y":78,
      "z":23
    },
    {
      "secretName":"1 - Item",
      "category":"item",
      "x":58,
      "y":77,
      "z":29
    },
    {
      "secretName":"2 - Entrance",
      "category":"entrance",
      "x":22,
      "y":80,
      "z":24
    },
    {
      "secretName":"2 - Stonk",
      "category":"stonk",
      "x":29,
      "y":80,
      "z":25
    },
    {
      "secretName":"2 - Chest",
      "category":"chest",
      "x":30,
      "y":83,
      "z":27
    },
    {
      "secretName":"3 - Lever",
      "category":"lever",
      "x":4,
      "y":62,
      "z":15
    },
    {
      "secretName":"3 - Stonk",
      "category":"stonk",
      "x":26,
      "y":59,
      "z":15
    },
    {
      "secretName":"3 - Stonk",
      "category":"stonk",
      "x":26,
      "y":59,
      "z":15
    },    
    {
      "secretName":"3 - Chest",
      "category":"chest",
      "x":24,
      "y":58,
      "z":15
    }
  ],
  "Balcony-4":[
    {
      "secretName":"1 - Superboom",
      "category":"superboom",
      "x":26,
      "y":72,
      "z":15
    },
    {
      "secretName":"1 - Chest",
      "category":"chest",
      "x":27,
      "y":69,
      "z":15
    },
    {
      "secretName":"1 - Stonk",
      "category":"stonk",
      "x":30,
      "y":69,
      "z":17
    },    
    {
      "secretName":"2 - Entrance",
      "category":"entrance",
      "x":4,
      "y":59,
      "z":20
    },
    {
      "secretName":"2 - Bat",
      "category":"bat",
      "x":3,
      "y":57,
      "z":27
    },
    {
      "secretName":"3/4 - Entrance",
      "category":"entrance",
      "x":51,
      "y":52,
      "z":24
    },
    {
      "secretName":"3/4 - Entrance",
      "category":"entrance",
      "x":32,
      "y":52,
      "z":6
    },
    {
      "secretName":"3 - Entrance Water",
      "category":"entrance",
      "x":15,
      "y":49,
      "z":6
    },
    {
      "secretName":"3 - Item",
      "category":"item",
      "x":13,
      "y":51,
      "z":7
    },
    {
      "secretName":"4 - Chest",
      "category":"chest",
      "x":20,
      "y":42,
      "z":28
    }
  ],
  "Grand-Library-4":[
    {
      "secretName":"1/2 - Lever",
      "category":"lever",
      "x":47,
      "y":77,
      "z":2
    },
    {
      "secretName":"1/2 - Lever",
      "category":"lever",
      "x":60,
      "y":77,
      "z":15
    },
    {
      "secretName":"1/2 - Lever",
      "category":"lever",
      "x":47,
      "y":77,
      "z":28
    },
    {
      "secretName":"1/2 - Lever",
      "category":"lever",
      "x":59,
      "y":94,
      "z":3
    },
    {
      "secretName":"1/2 - Lever",
      "category":"lever",
      "x":47,
      "y":88,
      "z":28
    },
    {
      "secretName":"1/2 - Entrance",
      "category":"entrance",
      "x":47,
      "y":63,
      "z":15
    },
    {
      "secretName":"1 - Chest",
      "category":"chest",
      "x":31,
      "y":58,
      "z":15
    },
    {
      "secretName":"2 - Item",
      "category":"Item",
      "x":27,
      "y":56,
      "z":19
    },
    {
      "secretName":"3 - Chest",
      "category":"chest",
      "x":23,
      "y":93,
      "z":2
    },
    {
      "secretName":"4 - Entrance",
      "category":"entrance",
      "x":7,
      "y":82,
      "z":11
    },
    {
      "secretName":"4 - Wither Essence",
      "category":"wither",
      "x":6,
      "y":80,
      "z":3
    }
  ],
  "Mage-4":[
    {
      "secretName":"1 - Entrance",
      "category":"entrance",
      "x":40,
      "y":71,
      "z":15
    },
    {
      "secretName":"1 - Entrance",
      "category":"entrance",
      "x":43,
      "y":70,
      "z":11
    },
    {
      "secretName":"1 - Chest",
      "category":"chest",
      "x":42,
      "y":62,
      "z":15
    },
    {
      "secretName":"2 - Entrance",
      "category":"entrance",
      "x":23,
      "y":71,
      "z":14
    },
    {
      "secretName":"2 - Entrance",
      "category":"entrance",
      "x":10,
      "y":78,
      "z":14
    },
    {
      "secretName":"2 - Chest",
      "category":"chest",
      "x":16,
      "y":70,
      "z":17
    },
    {
      "secretName":"2 - Stonk",
      "category":"stonk",
      "x":14,
      "y":70,
      "z":20
    },
    {
      "secretName":"3/4 - Entrance Vines",
      "category":"entrance",
      "x":53,
      "y":76,
      "z":8
    },
    {
      "secretName":"3 - Bat",
      "category":"bat",
      "x":55,
      "y":83,
      "z":6
    },
    {
      "secretName":"4 - Wither Essence",
      "category":"wither",
      "x":58,
      "y":82,
      "z":5
    }
  ],
  "Crypt-5":[
    {
      "secretName":"1 - Under Crypt",
      "category":"superboom",
      "x":34,
      "y":66,
      "z":15
    },
    {
      "secretName":"1 - Chest",
      "category":"chest",
      "x":13,
      "y":60,
      "z":15
    },
    {
      "secretName":"2 - Entrance",
      "category":"entrance",
      "x":56,
      "y":87,
      "z":11
    },
    {
      "secretName":"2 - Chest",
      "category":"chest",
      "x":44,
      "y":86,
      "z":26
    },
    {
      "secretName":"3 - Entrance",
      "category":"entrance",
      "x":35,
      "y":92,
      "z":21
    },
    {
      "secretName":"3 - Item",
      "category":"item",
      "x":46,
      "y":88,
      "z":16
    },
    {
      "secretName":"4/5 - Entrance",
      "category":"entrance",
      "x":31,
      "y":82,
      "z":22
    },
    {
      "secretName":"4/5 - Entrance",
      "category":"entrance",
      "x":15,
      "y":86,
      "z":20
    },
    {
      "secretName":"4 - Chest",
      "category":"chest",
      "x":2,
      "y":81,
      "z":16
    },
    {
      "secretName":"5 - Superboom",
      "category":"superboom",
      "x":15,
      "y":89,
      "z":6
    },
    {
      "secretName":"5 - Chest",
      "category":"chest",
      "x":19,
      "y":89,
      "z":2
    },
    {
      "secretName":"Fairy Soul",
      "category":"fairysoul",
      "x":8,
      "y":75,
      "z":16
    }
  ],
  "Doors-5":[
    {
      "secretName":"1 - Chest",
      "category":"chest",
      "x":5,
      "y":87,
      "z":28
    },
    {
      "secretName":"2 - Under Crypt",
      "category":"superboom",
      "x":38,
      "y":59,
      "z":27
    },
    {
      "secretName":"2 - Chest",
      "category":"chest",
      "x":31,
      "y":51,
      "z":17
    },
    {
      "secretName":"3 - Superboom",
      "category":"superboom",
      "x":56,
      "y":59,
      "z":15
    },
    {
      "secretName":"3 - Stonk",
      "category":"stonk",
      "x":57,
      "y":59,
      "z":15
    },
    {
      "secretName":"3 - Lever",
      "category":"lever",
      "x":61,
      "y":59,
      "z":15
    },
    {
      "secretName":"3 - Bat or Item",
      "category":"bat",
      "x":48,
      "y":59,
      "z":15
    },
    {
      "secretName":"4/5 - Lever",
      "category":"lever",
      "x":45,
      "y":59,
      "z":15
    },
    {
      "secretName":"4/5 - Lever",
      "category":"lever",
      "x":50,
      "y":59,
      "z":1
    },
    {
      "secretName":"4/5 - Lever",
      "category":"lever",
      "x":43,
      "y":59,
      "z":15
    },
    {
      "secretName":"4 - Chest",
      "category":"chest",
      "x":8,
      "y":58,
      "z":17
    },
    {
      "secretName":"4 - Stonk",
      "category":"stonk",
      "x":8,
      "y":59,
      "z":18
    },
    
    {
      "secretName":"5 - Chest",
      "category":"chest",
      "x":8,
      "y":58,
      "z":13
    },
    {
      "secretName":"5 - Stonk",
      "category":"stonk",
      "x":8,
      "y":59,
      "z":18
    }
    
  ],
  "Pedestal-5":[
    {
      "secretName":"1 - Chest",
      "category":"chest",
      "x":31,
      "y":70,
      "z":15
    },
    {
      "secretName":"2 - Entrance Ladder",
      "category":"entrance",
      "x":32,
      "y":68,
      "z":29
    },
    {
      "secretName":"2 - Under Crypt",
      "category":"superboom",
      "x":32,
      "y":62,
      "z":24
    },
    {
      "secretName":"2 - Chest",
      "category":"chest",
      "x":32,
      "y":60,
      "z":23
    },
    {
      "secretName":"3 - Entrance",
      "category":"entrance",
      "x":7,
      "y":94,
      "z":17
    },
    {
      "secretName":"3 - Chest",
      "category":"chest",
      "x":7,
      "y":94,
      "z":21
    },
    {
      "secretName":"4/5 - Entrance Ladder",
      "category":"entrance",
      "x":56,
      "y":68,
      "z":20
    },
    {
      "secretName":"4 - Item",
      "category":"item",
      "x":51,
      "y":61,
      "z":19
    },
    {
      "secretName":"5 - Wither Essence",
      "category":"wither",
      "x":53,
      "y":61,
      "z":22
    }
  ],
  "Purple-Flags-5":[
    {
      "secretName":"1 - Entrance",
      "category":"entrance",
      "x":32,
      "y":64,
      "z":1
    },
    {
      "secretName":"1 - Stonk",
      "category":"stonk",
      "x":32,
      "y":68,
      "z":8
    },    
    {
      "secretName":"1 - Chest",
      "category":"chest",
      "x":32,
      "y":67,
      "z":7
    },
    {
      "secretName":"2 - Wither Essence",
      "category":"wither",
      "x":6,
      "y":57,
      "z":28
    },
    {
      "secretName":"3/4/5 - Superboom",
      "category":"superboom",
      "x":20,
      "y":50,
      "z":25
    },
    {
      "secretName":"3 - Lever",
      "category":"lever",
      "x":35,
      "y":55,
      "z":29
    },
    {
      "secretName":"3 - Chest",
      "category":"chest",
      "x":59,
      "y":49,
      "z":24
    },
    {
      "secretName":"4 - Item",
      "category":"item",
      "x":27,
      "y":49,
      "z":28
    },
    {
      "secretName":"5 - Chest",
      "category":"chest",
      "x":39,
      "y":49,
      "z":29
    }
  ],
  "Bridges-6":[
    {
      "secretName":"1 - Entrance",
      "category":"entrance",
      "x":43,
      "y":65,
      "z":24
    },
    {
      "secretName":"1 - Lever",
      "category":"lever",
      "x":54,
      "y":59,
      "z":28
    },
    {
      "secretName":"1 - Chest",
      "category":"chest",
      "x":3,
      "y":82,
      "z":15
    },
    {
      "secretName":"2 - Item",
      "category":"item",
      "x":55,
      "y":81,
      "z":17
    },
    {
      "secretName":"3 - Superboom",
      "category":"superboom",
      "x":48,
      "y":94,
      "z":11
    },
    {
      "secretName":"3 - Bat",
      "category":"bat",
      "x":48,
      "y":94,
      "z":4
    },
    {
      "secretName":"4/5/6 - Entrance",
      "category":"entrance",
      "x":19,
      "y":64,
      "z":15
    },
    {
      "secretName":"4 - Wither Essence",
      "category":"wither",
      "x":53,
      "y":53,
      "z":13
    },
    {
      "secretName":"5 - Wither Essence",
      "category":"wither",
      "x":53,
      "y":52,
      "z":17
    },
    {
      "secretName":"6 - Chest",
      "category":"chest",
      "x":41,
      "y":52,
      "z":21
    }
  ],
  "Pressure-Plates-6":[
    {
      "secretName":"1 - Superboom",
      "category":"superboom",
      "x":51,
      "y":70,
      "z":7
    },
    {
      "secretName":"1 - Item",
      "category":"item",
      "x":58,
      "y":69,
      "z":7
    },
    {
      "secretName":"2 - Entrance",
      "category":"entrance",
      "x":51,
      "y":93,
      "z":15
    },
    {
      "secretName":"2 - Lever",
      "category":"lever",
      "x":21,
      "y":83,
      "z":15
    },
    {
      "secretName":"2 - Chest",
      "category":"chest",
      "x":59,
      "y":94,
      "z":15
    },
    {
      "secretName":"2 - Stonk",
      "category":"stonk",
      "x":59,
      "y":95,
      "z":11
    },    
    {
      "secretName":"3 - Superboom",
      "category":"superboom",
      "x":51,
      "y":94,
      "z":7
    },
    {
      "secretName":"3 - Chest",
      "category":"chest",
      "x":60,
      "y":94,
      "z":7
    },
    {
      "secretName":"4 - Superboom",
      "category":"superboom",
      "x":6,
      "y":80,
      "z":23
    },
    {
      "secretName":"4 - Item",
      "category":"item",
      "x":4,
      "y":70,
      "z":24
    },
    {
      "secretName":"5 - Entrance",
      "category":"entrance",
      "x":28,
      "y":68,
      "z":12
    },
    {
      "secretName":"5 - Chest",
      "category":"chest",
      "x":23,
      "y":59,
      "z":7
    },
    {
      "secretName":"6 - Pressure Plate 1",
      "category":"lever",
      "x":31,
      "y":70,
      "z":18
    },
    {
      "secretName":"6 - Stonk",
      "category":"stonk",
      "x":17,
      "y":70,
      "z":15
    },    
    {
      "secretName":"6 - Pressure Plate 2",
      "category":"lever",
      "x":43,
      "y":70,
      "z":15
    },
    {
      "secretName":"6 - Chest",
      "category":"chest",
      "x":20,
      "y":70,
      "z":15
    }
  ],
  "Diagonal-4":[
    {
      "secretName":"1 - Entrance Ladder",
      "category":"entrance",
      "x":11,
      "y":68,
      "z":21
    },
    {
      "secretName":"1 - Chest",
      "category":"chest",
      "x":11,
      "y":60,
      "z":9
    },
    {
      "secretName":"2 - Entrance",
      "category":"entrance",
      "x":36,
      "y":71,
      "z":2
    },
    {
      "secretName":"2 - Bat",
      "category":"bat",
      "x":32,
      "y":71,
      "z":3
    },
    {
      "secretName":"3 - Entrance Vines",
      "category":"entrance",
      "x":69,
      "y":69,
      "z":13
    },
    {
      "secretName":"3 - Chest",
      "category":"chest",
      "x":69,
      "y":60,
      "z":29
    },
    {
      "secretName":"4 - Entrance Vines",
      "category":"entrance",
      "x":85,
      "y":78,
      "z":11
    },
    {
      "secretName":"4 - Chest",
      "category":"chest",
      "x":90,
      "y":77,
      "z":14
    },
    {
      "secretName":"4 - Stonk",
      "category":"stonk",
      "x":86,
      "y":78,
      "z":14
    },
    {
      "secretName":"Fairy Soul",
      "category":"fairysoul",
      "x":31,
      "y":68,
      "z":3
    }
  ],
  "Red-Blue-4":[
    {
      "secretName":"1 - Lever",
      "category":"lever",
      "x":54,
      "y":69,
      "z":5
    },
    {
      "secretName":"1 - Stonk",
      "category":"stonk",
      "x":55,
      "y":70,
      "z":6
    },
    {
      "secretName":"1 - Chest",
      "category":"chest",
      "x":57,
      "y":70,
      "z":5
    },
    {
      "secretName":"2 - Wither Essence",
      "category":"wither",
      "x":79,
      "y":83,
      "z":15
    },
    {
      "secretName":"3 - Item",
      "category":"item",
      "x":60,
      "y":86,
      "z":22
    },
    {
      "secretName":"4 - Entrance",
      "category":"entrance",
      "x":42,
      "y":91,
      "z":29
    },
    {
      "secretName":"4 - Chest",
      "category":"chest",
      "x":39,
      "y":90,
      "z":26
    }
  ],
  "Wizard-4":[
    {
      "secretName":"1 - Superboom",
      "category":"superboom",
      "x":10,
      "y":70,
      "z":23
    },
    {
      "secretName":"1 - Item",
      "category":"item",
      "x":4,
      "y":76,
      "z":21
    },
    {
      "secretName":"2 - Bat",
      "category":"bat",
      "x":21,
      "y":50,
      "z":9
    },
    {
      "secretName":"3 - Superboom",
      "category":"superboom",
      "x":6,
      "y":92,
      "z":20
    },
    {
      "secretName":"3 - Chest",
      "category":"chest",
      "x":17,
      "y":92,
      "z":26
    },
    {
      "secretName":"4 - Superboom",
      "category":"superboom",
      "x":74,
      "y":82,
      "z":24
    },
    {
      "secretName":"4 - Chest",
      "category":"chest",
      "x":90,
      "y":89,
      "z":24
    }
  ],
  "Catwalk-6":[
    {
      "secretName":"1 - Superboom",
      "category":"superboom",
      "x":24,
      "y":51,
      "z":20
    },
    {
      "secretName":"1 - Chest",
      "category":"chest",
      "x":24,
      "y":50,
      "z":15
    },
    {
      "secretName":"1 - Stonk",
      "category":"stonk",
      "x":24,
      "y":50,
      "z":12
    },
    {
      "secretName":"2 - Entrance",
      "category":"entrance",
      "x":85,
      "y":51,
      "z":21
    },
    {
      "secretName":"2 - Chest",
      "category":"chest",
      "x":89,
      "y":49,
      "z":18
    },
    {
      "secretName":"3 - Item",
      "category":"item",
      "x":80,
      "y":50,
      "z":6
    },
    {
      "secretName":"3/4 - Stonk",
      "category":"stonk",
      "x":78,
      "y":50,
      "z":9
    },    
    {
      "secretName":"4 - Wither Essence",
      "category":"wither",
      "x":80,
      "y":50,
      "z":8
    },
    {
      "secretName":"5 - Chest",
      "category":"chest",
      "x":84,
      "y":63,
      "z":14
    },
    {
      "secretName":"5 - Stonk",
      "category":"stonk",
      "x":83,
      "y":62,
      "z":13
    },
    {
      "secretName":"6 - Chest",
      "category":"chest",
      "x":24,
      "y":63,
      "z":27
    }
  ],
  "Deathmite-6":[
    {
      "secretName":"1/2 - Entrance Water",
      "category":"entrance",
      "x":83,
      "y":89,
      "z":24
    },
    {
      "secretName":"1 - Bat",
      "category":"bat",
      "x":81,
      "y":93,
      "z":26
    },
    {
      "secretName":"2 - Chest",
      "category":"chest",
      "x":83,
      "y":92,
      "z":27
    },
    {
      "secretName":"3 - Chest behind Lava",
      "category":"chest",
      "x":67,
      "y":82,
      "z":15
    },
    {
      "secretName":"3 - Stonk",
      "category":"stonk",
      "x":66,
      "y":82,
      "z":15
    },  
    {
      "secretName":"4 - Lever",
      "category":"lever",
      "x":53,
      "y":70,
      "z":15
    },
    {
      "secretName":"4 - Stonk",
      "category":"stonk",
      "x":10,
      "y":70,
      "z":15
    },    
    {
      "secretName":"4 - Chest",
      "category":"chest",
      "x":12,
      "y":69,
      "z":15
    },
    {
      "secretName":"5 - Entrance Ladder",
      "category":"entrance",
      "x":69,
      "y":68,
      "z":2
    },
    {
      "secretName":"5 - Chest",
      "category":"chest",
      "x":69,
      "y":60,
      "z":10
    },
    {
      "secretName":"6 - Superboom",
      "category":"superboom",
      "x":88,
      "y":70,
      "z":10
    },
    {
      "secretName":"6 - Item",
      "category":"item",
      "x":88,
      "y":69,
      "z":7
    }
  ],
  "Gravel-6":[
    {
      "secretName":"1 - Lever",
      "category":"lever",
      "x":63,
      "y":69,
      "z":26
    },
    {
      "secretName":"1 - Chest",
      "category":"chest",
      "x":35,
      "y":69,
      "z":11
    },
    {
      "secretName":"1 - Stonk",
      "category":"stonk",
      "x":33,
      "y":70,
      "z":11
    },
    {
      "secretName":"2/3 - Entrance Vines",
      "category":"entrance",
      "x":69,
      "y":82,
      "z":14
    },
    {
      "secretName":"2 - Item",
      "category":"item",
      "x":68,
      "y":87,
      "z":14
    },
    {
      "secretName":"3 - Wither Essence",
      "category":"wither",
      "x":66,
      "y":87,
      "z":14
    },
    {
      "secretName":"4/5 Entrance",
      "category":"entrance",
      "x":82,
      "y":74,
      "z":3
    },
    {
      "secretName":"4 - Item",
      "category":"item",
      "x":88,
      "y":69,
      "z":8
    },
    {
      "secretName":"5 - Wither Essence",
      "category":"wither",
      "x":92,
      "y":69,
      "z":3
    },
    {
      "secretName":"6 - Entrance Vines",
      "category":"entrance",
      "x":35,
      "y":84,
      "z":9
    },
    {
      "secretName":"6 - Bat",
      "category":"bat",
      "x":37,
      "y":89,
      "z":12
    }
  ],
  "Hallway-3":[
    {
      "secretName":"1 - Superboom",
      "category":"superboom",
      "x":29,
      "y":75,
      "z":5
    },
    {
      "secretName":"1 - Chest",
      "category":"chest",
      "x":28,
      "y":69,
      "z":3
    },
    {
      "secretName":"2 - Lever",
      "category":"lever",
      "x":92,
      "y":76,
      "z":20
    },
    {
      "secretName":"2 - Entrance",
      "category":"entrance",
      "x":74,
      "y":70,
      "z":3
    },
    {
      "secretName":"2 - Stonk",
      "category":"stonk",
      "x":52,
      "y":70,
      "z":5
    },    
    {
      "secretName":"2 - Chest",
      "category":"chest",
      "x":54,
      "y":69,
      "z":5
    },
    {
      "secretName":"3 - Entrance Vines",
      "category":"entrance",
      "x":83,
      "y":81,
      "z":1
    },
    {
      "secretName":"3 - Chest",
      "category":"chest",
      "x":85,
      "y":85,
      "z":6
    }
  ],
  "Mossy-4":[
    {
      "secretName":"1 - Chest",
      "category":"chest",
      "x":63,
      "y":95,
      "z":15
    },
    {
      "secretName":"2 - Lever behind Crypt",
      "category":"lever",
      "x":63,
      "y":70,
      "z":29
    },
    {
      "secretName":"2 - Chest",
      "category":"chest",
      "x":47,
      "y":89,
      "z":4
    },
    {
      "secretName":"2 - Stonk",
      "category":"stonk",
      "x":45,
      "y":88,
      "z":4
    },    
    {
      "secretName":"3 - Superboom",
      "category":"superboom",
      "x":5,
      "y":70,
      "z":8
    },
    {
      "secretName":"3 - Chest",
      "category":"chest",
      "x":2,
      "y":69,
      "z":4
    },
    {
      "secretName":"3 - Stonk",
      "category":"stonk",
      "x":5,
      "y":70,
      "z":7
    },
    {
      "secretName":"4 - Bat",
      "category":"bat",
      "x":78,
      "y":85,
      "z":7
    },
    {
      "secretName":"Fairy Soul",
      "category":"fairysoul",
      "x":70,
      "y":82,
      "z":15
    }
  ],
  "Pit-5":[
    {
      "secretName":"1 - Chest",
      "category":"chest",
      "x":20,
      "y":91,
      "z":9
    },
    {
      "secretName":"2 - Chest",
      "category":"chest",
      "x":113,
      "y":92,
      "z":28
    },
    {
      "secretName":"3/4 - Superboom",
      "category":"superboom",
      "x":8,
      "y":77,
      "z":23
    },
    {
      "secretName":"3 - Bat",
      "category":"bat",
      "x":7,
      "y":77,
      "z":27
    },
    {
      "secretName":"4 - Item",
      "category":"item",
      "x":3,
      "y":76,
      "z":26
    },
    {
      "secretName":"5 - Entrance Ladder",
      "category":"entrance",
      "x":1,
      "y":72,
      "z":4
    },
    {
      "secretName":"5 - Chest",
      "category":"chest",
      "x":7,
      "y":65,
      "z":7
    }
  ],
  "Quartz-Knight-7":[
    {
      "secretName":"1 - Item",
      "category":"item",
      "x":95,
      "y":79,
      "z":26
    },
    {
      "secretName":"2 - Superboom",
      "category":"superboom",
      "x":117,
      "y":88,
      "z":3
    },
    {
      "secretName":"2 - Chest",
      "category":"chest",
      "x":111,
      "y":88,
      "z":2
    },
    {
      "secretName":"3 - Bat",
      "category":"bat",
      "x":28,
      "y":59,
      "z":10
    },
    {
      "secretName":"4 - Chest",
      "category":"chest",
      "x":6,
      "y":63,
      "z":27
    },
    {
      "secretName":"5 - Chest",
      "category":"chest",
      "x":21,
      "y":89,
      "z":24
    },
    {
      "secretName":"6 - Chest",
      "category":"chest",
      "x":18,
      "y":90,
      "z":24
    },
    {
      "secretName":"6 - Stonk",
      "category":"stonk",
      "x":20,
      "y":90,
      "z":25
    },    
    {
      "secretName":"7 - Entrance",
      "category":"entrance",
      "x":61,
      "y":86,
      "z":2
    },
    {
      "secretName":"7 - Item",
      "category":"item",
      "x":68,
      "y":84,
      "z":5
    }
  ],
  "Waterfall-8":[
    {
      "secretName":"1 - Chest",
      "category":"chest",
      "x":121,
      "y":81,
      "z":15
    },
    {
      "secretName":"2 - Chest",
      "category":"chest",
      "x":82,
      "y":78,
      "z":3
    },
    {
      "secretName":"3 - Bat",
      "category":"bat",
      "x":70,
      "y":63,
      "z":3
    },
    {
      "secretName":"4 - Entrance",
      "category":"entrance",
      "x":46,
      "y":83,
      "z":25
    },
    {
      "secretName":"4 - Chest",
      "category":"chest",
      "x":42,
      "y":82,
      "z":21
    },
    {
      "secretName":"5 - Entrance",
      "category":"entrance",
      "x":23,
      "y":80,
      "z":14
    },
    {
      "secretName":"5 - Chest",
      "category":"chest",
      "x":34,
      "y":84,
      "z":23
    },
    {
      "secretName":"6 - Entrance",
      "category":"entrance",
      "x":5,
      "y":45,
      "z":20
    },
    {
      "secretName":"6 - Item",
      "category":"item",
      "x":8,
      "y":44,
      "z":28
    },
    {
      "secretName":"7 - Entrance",
      "category":"entrance",
      "x":42,
      "y":45,
      "z":25
    },
    {
      "secretName":"7 - Superboom",
      "category":"superboom",
      "x":47,
      "y":45,
      "z":27
    },
    {
      "secretName":"7 - Chest",
      "category":"chest",
      "x":53,
      "y":44,
      "z":27
    },
    {
      "secretName":"8 - Bat",
      "category":"bat",
      "x":88,
      "y":46,
      "z":27
    }
  ],
  "Atlas-6":[
    {
      "secretName":"1/2 - Entrance",
      "category":"entrance",
      "x":54,
      "y":79,
      "z":41
    },
    {
      "secretName":"1 - Item",
      "category":"item",
      "x":55,
      "y":76,
      "z":26
    },
    {
      "secretName":"2 - Lever",
      "category":"lever",
      "x":60,
      "y":90,
      "z":33
    },
    {
      "secretName":"2 - Entrance",
      "category":"entrance",
      "x":7,
      "y":81,
      "z":24
    },
    {
      "secretName":"2 - Chest",
      "category":"chest",
      "x":11,
      "y":82,
      "z":31
    },
    {
      "secretName":"2 - Stonk",
      "category":"stonk",
      "x":13,
      "y":82,
      "z":31
    },
    {
      "secretName":"3 - Entrance Vines",
      "category":"entrance",
      "x":50,
      "y":65,
      "z":9
    },
    {
      "secretName":"3 - Chest",
      "category":"chest",
      "x":36,
      "y":57,
      "z":15
    },
    {
      "secretName":"4 - Entrance",
      "category":"entrance",
      "x":40,
      "y":79,
      "z":6
    },
    {
      "secretName":"4 - Wither Essence",
      "category":"wither",
      "x":38,
      "y":78,
      "z":4
    },
    {
      "secretName":"5 - Entrance",
      "category":"entrance",
      "x":8,
      "y":81,
      "z":51
    },
    {
      "secretName":"5 - Chest",
      "category":"chest",
      "x":31,
      "y":78,
      "z":52
    },
    {
      "secretName":"6 - Bat",
      "category":"bat",
      "x":7,
      "y":70,
      "z":55
    }
  ],
  "Super-Tall-6":[
    {
      "secretName":"1 - Entrance",
      "category":"entrance",
      "x":11,
      "y":73,
      "z":5
    },
    {
      "secretName":"1 - Bat",
      "category":"bat",
      "x":4,
      "y":72,
      "z":3
    },
    {
      "secretName":"2 - Lever",
      "category":"lever",
      "x":50,
      "y":77,
      "z":46
    },
    {
      "secretName":"2 - Entrance",
      "category":"entrance",
      "x":58,
      "y":92,
      "z":55
    },
    {
      "secretName":"2 - Item",
      "category":"item",
      "x":31,
      "y":102,
      "z":52
    },
    {
      "secretName":"3 - Lever",
      "category":"lever",
      "x":9,
      "y":98,
      "z":24
    },
    {
      "secretName":"3 - Entrance",
      "category":"entrance",
      "x":47,
      "y":112,
      "z":18
    },
    {
      "secretName":"3 - Bat",
      "category":"bat",
      "x":50,
      "y":111,
      "z":8
    },
    {
      "secretName":"4/5/6 - Entrance 1 ",
      "category":"entrance",
      "x":13,
      "y":131,
      "z":16
    },
    {
      "secretName":"4/5/6 - Lever",
      "category":"lever",
      "x":12,
      "y":131,
      "z":7
    },
    {
      "secretName":"4/5/6 - Entrance 2 (after Lever)",
      "category":"entrance",
      "x":56,
      "y":113,
      "z":16
    },
    {
      "secretName":"4/5/6 - Entrance 3",
      "category":"",
      "x":31,
      "y":142,
      "z":39
    },
    {
      "secretName":"4 - Chest",
      "category":"chest",
      "x":36,
      "y":142,
      "z":51
    },
    {
      "secretName":"5 - Chest",
      "category":"chest",
      "x":31,
      "y":142,
      "z":56
    },
    {
      "secretName":"6 - Chest",
      "category":"chest",
      "x":26,
      "y":142,
      "z":51
    },
    {
      "secretName":"Fairy Soul",
      "category":"fairysoul",
      "x":43,
      "y":118,
      "z":42
    }
  ],
  "Flags-7":[
    {
      "secretName":"1/2/3 - Entrance Vines",
      "category":"entrance",
      "x":55,
      "y":89,
      "z":46
    },
    {
      "secretName":"1/2/3 - Alternate Entrance",
      "category":"entrance",
      "x":52,
      "y":77,
      "z":20
    },
    {
      "secretName":"1 - Chest",
      "category":"chest",
      "x":59,
      "y":87,
      "z":41
    },
    {
      "secretName":"2 - Bat",
      "category":"bat",
      "x":55,
      "y":73,
      "z":36
    },
    {
      "secretName":"3 - Item",
      "category":"item",
      "x":54,
      "y":68,
      "z":23
    },
    {
      "secretName":"4/5 - Entrance",
      "category":"entrance",
      "x":20,
      "y":109,
      "z":34
    },
    {
      "secretName":"4 - Chest",
      "category":"chest",
      "x":14,
      "y":108,
      "z":41
    },
    {
      "secretName":"5 - Chest",
      "category":"chest",
      "x":14,
      "y":108,
      "z":27
    },
    {
      "secretName":"6 - Chest",
      "category":"chest",
      "x":11,
      "y":97,
      "z":7
    },
    {
      "secretName":"7 - Entrance",
      "category":"entrance",
      "x":27,
      "y":72,
      "z":48
    },
    {
      "secretName":"7 - Chest",
      "category":"chest",
      "x":37,
      "y":67,
      "z":58
    }
  ],
  "Mithril-Cave-10":[
    {
      "secretName":"1 - Entrance",
      "category":"entrance",
      "x":32,
      "y":99,
      "z":47
    },
    {
      "secretName":"1 - Chest",
      "category":"chest",
      "x":31,
      "y":99,
      "z":58
    },
    {
      "secretName":"2 - Lever",
      "category":"lever",
      "x":34,
      "y":79,
      "z":59
    },
    {
      "secretName":"2 - Chest",
      "category":"chest",
      "x":56,
      "y":78,
      "z":58
    },
    {
      "secretName":"3/4 - Entrance",
      "category":"entrance",
      "x":24,
      "y":100,
      "z":8
    },
    {
      "secretName":"3 - Chest",
      "category":"chest",
      "x":9,
      "y":108,
      "z":17
    },
    {
      "secretName":"4 - Superboom",
      "category":"superboom",
      "x":13,
      "y":111,
      "z":21
    },
    {
      "secretName":"4 - Crypt",
      "category":"superboom",
      "x":9,
      "y":111,
      "z":29
    },
    {
      "secretName":"4 - Chest",
      "category":"chest",
      "x":9,
      "y":109,
      "z":30
    },
    {
      "secretName":"5 - Crypt",
      "category":"superboom",
      "x":52,
      "y":81,
      "z":9
    },
    {
      "secretName":"5 - Lever",
      "category":"lever",
      "x":52,
      "y":79,
      "z":9
    },
    {
      "secretName":"5 - Chest",
      "category":"chest",
      "x":41,
      "y":80,
      "z":12
    },
    {
      "secretName":"6 - Superboom",
      "category":"superboom",
      "x":6,
      "y":90,
      "z":57
    },
    {
      "secretName":"6 - Item",
      "category":"item",
      "x":2,
      "y":89,
      "z":57
    },
    {
      "secretName":"7 - Entrance",
      "category":"entrance",
      "x":10,
      "y":71,
      "z":8
    },
    {
      "secretName":"7 - Crypt",
      "category":"superboom",
      "x":14,
      "y":82,
      "z":4
    },
    {
      "secretName":"7 - Lever",
      "category":"lever",
      "x":14,
      "y":80,
      "z":3
    },
    {
      "secretName":"7 - Chest",
      "category":"chest",
      "x":9,
      "y":82,
      "z":21
    },
    {
      "secretName":"7 - Stonk",
      "category":"stonk",
      "x":9,
      "y":82,
      "z":20
    },
    {
      "secretName":"8 - Chest",
      "category":"chest",
      "x":60,
      "y":43,
      "z":50
    },
    {
      "secretName":"9 - Item",
      "category":"item",
      "x":53,
      "y":48,
      "z":8
    },
    {
      "secretName":"10 - Entrance",
      "category":"entrance",
      "x":6,
      "y":56,
      "z":50
    },
    {
      "secretName":"10 - Item",
      "category":"item",
      "x":4,
      "y":54,
      "z":56
    }
  ],
  "Cathedral-8":[
    {
      "secretName":"1 - Superboom",
      "category":"superboom",
      "x":45,
      "y":60,
      "z":42
    },
    {
      "secretName":"1 - Chest",
      "category":"chest",
      "x":38,
      "y":59,
      "z":36
    },
    {
      "secretName":"2 - Superboom",
      "category":"superboom",
      "x":31,
      "y":82,
      "z":9
    },
    {
      "secretName":"2 - Chest",
      "category":"chest",
      "x":28,
      "y":82,
      "z":3
    },
    {
      "secretName":"3 - Bat",
      "category":"bat",
      "x":59,
      "y":86,
      "z":4
    },
    {
      "secretName":"4 - Bat",
      "category":"bat",
      "x":39,
      "y":73,
      "z":14
    },
    {
      "secretName":"5 - Under Crypt",
      "category":"superboom",
      "x":9,
      "y":70,
      "z":23
    },
    {
      "secretName":"5 - Chest",
      "category":"chest",
      "x":19,
      "y":60,
      "z":7
    },
    {
      "secretName":"6 - Item",
      "category":"item",
      "x":33,
      "y":93,
      "z":49
    },
    {
      "secretName":"7 - Item",
      "category":"item",
      "x":21,
      "y":90,
      "z":44
    },
    {
      "secretName":"8 - Item",
      "category":"item",
      "x":48,
      "y":59,
      "z":24
    }
  ],
  "Rail-Track-9":[
    {
      "secretName":"1 - Entrance",
      "category":"entrance",
      "x":40,
      "y":73,
      "z":31
    },
    {
      "secretName":"1 - Chest",
      "category":"chest",
      "x":30,
      "y":72,
      "z":34
    },
    {
      "secretName":"1 - Stonk",
      "category":"stonk",
      "x":29,
      "y":71,
      "z":35
    },
    {
      "secretName":"2 - Bat",
      "category":"bat",
      "x":51,
      "y":50,
      "z":9
    },
    {
      "secretName":"3/4 - Entrance Lava",
      "category":"entrance",
      "x":5,
      "y":56,
      "z":2
    },
    {
      "secretName":"3 - Wither Essence",
      "category":"wither",
      "x":6,
      "y":49,
      "z":10
    },
    {
      "secretName":"4 - Wither Essence",
      "category":"wither",
      "x":3,
      "y":49,
      "z":10
    },
    {
      "secretName":"5 - Superboom",
      "category":"superboom",
      "x":56,
      "y":68,
      "z":6
    },
    {
      "secretName":"5 - Chest",
      "category":"chest",
      "x":56,
      "y":66,
      "z":6
    },
    {
      "secretName":"6 - Entrance",
      "category":"entrance",
      "x":23,
      "y":63,
      "z":24
    },
    {
      "secretName":"6 - Chest",
      "category":"chest",
      "x":30,
      "y":64,
      "z":29
    },
    {
      "secretName":"7 - Lever",
      "category":"lever",
      "x":39,
      "y":71,
      "z":45
    },
    {
      "secretName":"7 - Chest",
      "category":"chest",
      "x":8,
      "y":49,
      "z":60
    },
    {
      "secretName":"8/9 - Entrance Vines",
      "category":"entrance",
      "x":29,
      "y":72,
      "z":36
    },
    {
      "secretName":"8 - Wither Essence",
      "category":"wither",
      "x":25,
      "y":70,
      "z":28
    },
    {
      "secretName":"9 - Item",
      "category":"item",
      "x":27,
      "y":70,
      "z":29
    }
  ],
  "Stairs-4":[
    {
      "secretName":"1 - Superboom",
      "category":"superboom",
      "x":39,
      "y":91,
      "z":44
    },
    {
      "secretName":"1 - Stonk",
      "category":"stonk",
      "x":41,
      "y":88,
      "z":31
    },    
    {
      "secretName":"1 - Chest",
      "category":"chest",
      "x":44,
      "y":88,
      "z":28
    },
    {
      "secretName":"2 - Chest",
      "category":"chest",
      "x":8,
      "y":70,
      "z":9
    },
    {
      "secretName":"3 - Chest",
      "category":"chest",
      "x":31,
      "y":88,
      "z":22
    },
    {
      "secretName":"4 - Item",
      "category":"item",
      "x":38,
      "y":86,
      "z":35
    },
    {
      "secretName":"Fairy Soul",
      "category":"fairysoul",
      "x":27,
      "y":85,
      "z":51
    }
  ],
  "Buttons-5":[
    {
      "secretName":"1 - Superboom",
      "category":"superboom",
      "x":16,
      "y":68,
      "z":31
    },
    {
      "secretName":"1 - Chest",
      "category":"chest",
      "x":53,
      "y":55,
      "z":31
    },
    {
      "secretName":"2 - Superboom",
      "category":"superboom",
      "x":56,
      "y":70,
      "z":52
    },
    {
      "secretName":"2 - Chest",
      "category":"chest",
      "x":57,
      "y":69,
      "z":60
    },
    {
      "secretName":"3 - Entrance",
      "category":"entrance",
      "x":56,
      "y":72,
      "z":21
    },
    {
      "secretName":"3 - Lever behind Crypt",
      "category":"lever",
      "x":42,
      "y":81,
      "z":57
    },
    {
      "secretName":"3 - Stonk",
      "category":"stonk",
      "x":41,
      "y":81,
      "z":57
    },
    {
      "secretName":"3 - Chest",
      "category":"chest",
      "x":56,
      "y":81,
      "z":2
    },
    {
      "secretName":"4 - Lever behind Lava",
      "category":"lever",
      "x":58,
      "y":70,
      "z":36
    },
    {
      "secretName":"4 - Entrance",
      "category":"entrance",
      "x":29,
      "y":74,
      "z":18
    },
    {
      "secretName":"4 - Stonk",
      "category":"stonk",
      "x":29,
      "y":74,
      "z":14
    },
    {
      "secretName":"4 - Chest",
      "category":"chest",
      "x":31,
      "y":73,
      "z":13
    },
    {
      "secretName":"5 - Button Puzzle",
      "category":"puzzle",
      "x":16,
      "y":81,
      "z":50
    },
    {
      "secretName":"5 - Chest",
      "category":"chest",
      "x":2,
      "y":81,
      "z":50
    }
  ],
  "Museum-5":[
    {
      "secretName":"1 - Lever",
      "category":"lever",
      "x":26,
      "y":84,
      "z":9
    },
    {
      "secretName":"1 - Chest",
      "category":"chest",
      "x":31,
      "y":70,
      "z":9
    },
    {
      "secretName":"1 - Stonk",
      "category":"stonk",
      "x":25,
      "y":82,
      "z":11
    },   
    {
      "secretName":"2 - Superboom",
      "category":"superboom",
      "x":43,
      "y":68,
      "z":5
    },
    {
      "secretName":"2 - Chest",
      "category":"chest",
      "x":48,
      "y":62,
      "z":6
    },
    {
      "secretName":"3 - Entrance",
      "category":"entrance",
      "x":55,
      "y":83,
      "z":28
    },
    {
      "secretName":"3 - Chest",
      "category":"chest",
      "x":34,
      "y":83,
      "z":11
    },
    {
      "secretName":"3 - Stonk",
      "category":"stonk",
      "x":35,
      "y":83,
      "z":16
    },    
    {
      "secretName":"4 - Wither Essence",
      "category":"wither",
      "x":42,
      "y":93,
      "z":53
    },
    {
      "secretName":"5 - Superboom",
      "category":"superboom",
      "x":31,
      "y":70,
      "z":57
    },
    {
      "secretName":"5 - Stonk",
      "category":"stonk",
      "x":31,
      "y":69,
      "z":57
    }, 
    {
      "secretName":"5 - Chest",
      "category":"chest",
      "x":31,
      "y":70,
      "z":60
    }
  ],
  "Dino-Dig-Site-4":[
    {
      "secretName":"1 - Superboom",
      "category":"superboom",
      "x":24,
      "y":93,
      "z":35
    },
    {
      "secretName":"1 - Chest",
      "category":"chest",
      "x":24,
      "y":92,
      "z":29
    },
    {
      "secretName":"2 - Item",
      "category":"item",
      "x":46,
      "y":57,
      "z":35
    },
    {
      "secretName":"2 - Entrance",
      "category":"entrance",
      "x":41,
      "y":58,
      "z":39
    },
    {
      "secretName":"3 - Chest",
      "category":"chest",
      "x":54,
      "y":52,
      "z":51
    },
    {
      "secretName":"3 - Stonk",
      "category":"stonk",
      "x":54,
      "y":51,
      "z":51
    },    
    {
      "secretName":"4 - Entrance",
      "category":"entrance",
      "x":6,
      "y":48,
      "z":42
    },
    {
      "secretName":"4 - Bat",
      "category":"bat",
      "x":8,
      "y":47,
      "z":35
    }
  ],
  "Withermancers-4":[
    {
      "secretName":"1 - Superboom",
      "category":"superboom",
      "x":26,
      "y":70,
      "z":5
    },
    {
      "secretName":"1 - Lever",
      "category":"lever",
      "x":24,
      "y":61,
      "z":3
    },
    {
      "secretName":"1 - Chest",
      "category":"chest",
      "x":29,
      "y":111,
      "z":15
    },
    {
      "secretName":"2 - Stonk",
      "category":"stonk",
      "x":26,
      "y":112,
      "z":15
    },
    {
      "secretName":"2 - Wither Essence",
      "category":"wither",
      "x":1,
      "y":111,
      "z":15
    },
    {
      "secretName":"3 - Chest",
      "category":"chest",
      "x":15,
      "y":104,
      "z":20
    },
    {
      "secretName":"3 - Stonk",
      "category":"stonk",
      "x":15,
      "y":107,
      "z":20
    },    
    {
      "secretName":"4 - Under Crypt",
      "category":"superboom",
      "x":28,
      "y":72,
      "z":33
    },
    {
      "secretName":"4 - Chest",
      "category":"chest",
      "x":59,
      "y":55,
      "z":45
    }
  ],
  "Chambers-5":[
    {
      "secretName":"1 - Superboom",
      "category":"superboom",
      "x":25,
      "y":82,
      "z":16
    },
    {
      "secretName":"1 - Superboom",
      "category":"superboom",
      "x":4,
      "y":82,
      "z":15
    },
    {
      "secretName":"1 - Chest",
      "category":"chest",
      "x":15,
      "y":83,
      "z":2
    },
    {
      "secretName":"2 - Entrance",
      "category":"entrance",
      "x":37,
      "y":81,
      "z":60
    },
    {
      "secretName":"2 - Bat",
      "category":"bat",
      "x":33,
      "y":83,
      "z":57
    },
    {
      "secretName":"3 - Entrance",
      "category":"entrance",
      "x":55,
      "y":79,
      "z":38
    },
    {
      "secretName":"3 - Stonk",
      "category":"stonk",
      "x":8,
      "y":69,
      "z":38
    },    
    {
      "secretName":"3 - Lever",
      "category":"lever",
      "x":55,
      "y":71,
      "z":37
    },
    {
      "secretName":"3 - Entrance",
      "category":"entrance",
      "x":4,
      "y":70,
      "z":27
    },
    {
      "secretName":"3 - Chest",
      "category":"chest",
      "x":7,
      "y":69,
      "z":40
    },
    {
      "secretName":"4 - Entrance Water",
      "category":"entrance",
      "x":51,
      "y":67,
      "z":49
    },
    {
      "secretName":"4 - Chest",
      "category":"chest",
      "x":53,
      "y":57,
      "z":47
    },
    {
      "secretName":"5 - Superboom",
      "category":"superboom",
      "x":11,
      "y":70,
      "z":57
    },
    {
      "secretName":"5 - Chest",
      "category":"chest",
      "x":4,
      "y":69,
      "z":57
    }
  ],
  "Market-5":[
    {
      "secretName":"1 - Entrance Ladder",
      "category":"entrance",
      "x":32,
      "y":65,
      "z":34
    },
    {
      "secretName":"1 - Chest",
      "category":"chest",
      "x":32,
      "y":61,
      "z":48
    },
    {
      "secretName":"2 - Entrance",
      "category":"entrance",
      "x":40,
      "y":81,
      "z":52
    },
    {
      "secretName":"2 - Chest",
      "category":"chest",
      "x":46,
      "y":79,
      "z":48
    },
    {
      "secretName":"3/4 - Entrance Superboom",
      "category":"entrance",
      "x":6,
      "y":67,
      "z":52
    },
    {
      "secretName":"3 - Bat",
      "category":"bat",
      "x":8,
      "y":60,
      "z":51
    },
    {
      "secretName":"4 - Wither Essence",
      "category":"wither",
      "x":7,
      "y":59,
      "z":44
    },
    {
      "secretName":"5 - Entrance",
      "category":"entrance",
      "x":6,
      "y":85,
      "z":41
    },
    {
      "secretName":"5 - Stonk",
      "category":"stonk",
      "x":18,
      "y":87,
      "z":52
    },    
    {
      "secretName":"5 - Chest",
      "category":"chest",
      "x":16,
      "y":86,
      "z":56
    }
  ],
  "Lava-Ravine-6":[
    {
      "secretName":"1 - Superboom",
      "category":"superboom",
      "x":27,
      "y":68,
      "z":57
    },
    {
      "secretName":"1 - Stonk",
      "category":"stonk",
      "x":27,
      "y":68,
      "z":57
    },    
    {
      "secretName":"1 - Chest",
      "category":"chest",
      "x":23,
      "y":67,
      "z":57
    },
    {
      "secretName":"2 - Entrance",
      "category":"entrance",
      "x":42,
      "y":87,
      "z":47
    },
    {
      "secretName":"2 - Chest",
      "category":"chest",
      "x":58,
      "y":86,
      "z":47
    },
    {
      "secretName":"3 - Entrance",
      "category":"entrance",
      "x":27,
      "y":73,
      "z":31
    },
    {
      "secretName":"3 - Item",
      "category":"item",
      "x":16,
      "y":51,
      "z":32
    },
    {
      "secretName":"4/5 - Lever",
      "category":"lever",
      "x":8,
      "y":84,
      "z":42
    },
    {
      "secretName":"4/5 - Stonk",
      "category":"stonk",
      "x":8,
      "y":84,
      "z":40
    },    
    {
      "secretName":"4 - Chest",
      "category":"chest",
      "x":29,
      "y":88,
      "z":7
    },
    {
      "secretName":"5 - Chest",
      "category":"chest",
      "x":29,
      "y":88,
      "z":9
    },
    {
      "secretName":"6 - Entrance Ladder",
      "category":"entrance",
      "x":8,
      "y":67,
      "z":34
    },
    {
      "secretName":"6 - Bat",
      "category":"bat",
      "x":12,
      "y":63,
      "z":35
    }
  ],
  "Melon-7":[
    {
      "secretName":"1 - Entrance",
      "category":"entrance",
      "x":51,
      "y":71,
      "z":60
    },
    {
      "secretName":"1 - Chest (break Melons)",
      "category":"chest",
      "x":59,
      "y":69,
      "z":58
    },
    {
      "secretName":"2/3 - Superboom",
      "category":"superboom",
      "x":3,
      "y":70,
      "z":41
    },
    {
      "secretName":"2 - Bat",
      "category":"bat",
      "x":8,
      "y":72,
      "z":28
    },
    {
      "secretName":"3 - Chest",
      "category":"chest",
      "x":15,
      "y":69,
      "z":35
    },
    {
      "secretName":"4 - Entrance",
      "category":"entrance",
      "x":26,
      "y":80,
      "z":11
    },
    {
      "secretName":"4 - Chest",
      "category":"chest",
      "x":26,
      "y":79,
      "z":1
    },
    {
      "secretName":"5 - Entrance",
      "category":"entrance",
      "x":10,
      "y":83,
      "z":4
    },
    {
      "secretName":"5 - Chest",
      "category":"chest",
      "x":5,
      "y":82,
      "z":4
    },
    {
      "secretName":"6 - Entrance Vines",
      "category":"entrance",
      "x":32,
      "y":81,
      "z":50
    },
    {
      "secretName":"6 - Chest",
      "category":"chest",
      "x":33,
      "y":80,
      "z":53
    },
    {
      "secretName":"6 - Stonk",
      "category":"stonk",
      "x":33,
      "y":80,
      "z":54
    },
    {
      "secretName":"7 - Entrance",
      "category":"entrance",
      "x":44,
      "y":86,
      "z":61
    },
    {
      "secretName":"7 - Chest",
      "category":"chest",
      "x":41,
      "y":85,
      "z":56
    }
  ],
  "Well-7":[
    {
      "secretName":"1 - Entrance",
      "category":"entrance",
      "x":7,
      "y":88,
      "z":50
    },
    {
      "secretName":"1 - Stonk",
      "category":"stonk",
      "x":11,
      "y":89,
      "z":53
    },    
    {
      "secretName":"1 - Chest",
      "category":"chest",
      "x":11,
      "y":88,
      "z":50
    },
    {
      "secretName":"2/3 - Entrance",
      "category":"entrance",
      "x":5,
      "y":90,
      "z":56
    },
    {
      "secretName":"2 - Wither Essence",
      "category":"wither",
      "x":2,
      "y":95,
      "z":59
    },
    {
      "secretName":"3 - Wither Essence",
      "category":"wither",
      "x":7,
      "y":95,
      "z":56
    },
    {
      "secretName":"4 - Entrance",
      "category":"entrance",
      "x":54,
      "y":92,
      "z":34
    },
    {
      "secretName":"4 - Item",
      "category":"item",
      "x":58,
      "y":91,
      "z":36
    },
    {
      "secretName":"5 - Chest",
      "category":"chest",
      "x":60,
      "y":89,
      "z":47
    },
    {
      "secretName":"6 - Item",
      "category":"item",
      "x":15,
      "y":57,
      "z":16
    },
    {
      "secretName":"7 - Superboom",
      "category":"superboom",
      "x":4,
      "y":88,
      "z":33
    },
    {
      "secretName":"7 - Stonk",
      "category":"stonk",
      "x":20,
      "y":88,
      "z":25
    },    
    {
      "secretName":"7 - Chest",
      "category":"chest",
      "x":18,
      "y":91,
      "z":25
    }
  ],
  "Layers-8":[
    {
      "secretName":"1 - Entrance Ladder",
      "category":"entrance",
      "x":35,
      "y":68,
      "z":57
    },
    {
      "secretName":"1 - Item",
      "category":"item",
      "x":35,
      "y":59,
      "z":51
    },
    {
      "secretName":"2 - Item",
      "category":"item",
      "x":7,
      "y":96,
      "z":56
    },
    {
      "secretName":"3 - Lever",
      "category":"lever",
      "x":8,
      "y":91,
      "z":32
    },
    {
      "secretName":"3 - Chest",
      "category":"chest",
      "x":47,
      "y":69,
      "z":47
    },
    {
      "secretName":"3 - Stonk",
      "category":"stonk",
      "x":45,
      "y":70,
      "z":47
    },
    {
      "secretName":"4 - Superboom",
      "category":"superboom",
      "x":47,
      "y":79,
      "z":42
    },
    {
      "secretName":"4 - Item",
      "category":"item",
      "x":47,
      "y":78,
      "z":35
    },
    {
      "secretName":"5 - Chest",
      "category":"chest",
      "x":54,
      "y":78,
      "z":56
    },
    {
      "secretName":"6 - Superboom",
      "category":"superboom",
      "x":9,
      "y":70,
      "z":26
    },
    {
      "secretName":"6 - Chest",
      "category":"chest",
      "x":13,
      "y":69,
      "z":26
    },
    {
      "secretName":"6 - Stonk",
      "category":"stonk",
      "x":14,
      "y":70,
      "z":24
    },
    {
      "secretName":"7 - Item",
      "category":"item",
      "x":25,
      "y":70,
      "z":28
    },
    {
      "secretName":"8 - Lever",
      "category":"lever",
      "x":5,
      "y":77,
      "z":2
    },
    {
      "secretName":"8 - Stonk",
      "category":"stonk",
      "x":5,
      "y":78,
      "z":2
    },
    {
      "secretName":"8 - Chest",
      "category":"chest",
      "x":5,
      "y":69,
      "z":2
    }
  ],
  "Spider-9":[
    {
      "secretName":"1 - Entrance Vines",
      "category":"entrance",
      "x":19,
      "y":51,
      "z":5
    },
    {
      "secretName":"1 - Chest",
      "category":"chest",
      "x":28,
      "y":50,
      "z":4
    },
    {
      "secretName":"2 - Entrance Vines",
      "category":"entrance",
      "x":7,
      "y":48,
      "z":40
    },
    {
      "secretName":"2 - Chest",
      "category":"chest",
      "x":22,
      "y":28,
      "z":40
    },
    {
      "secretName":"3/4 - Entrance Vines",
      "category":"entrance",
      "x":57,
      "y":85,
      "z":43
    },
    {
      "secretName":"3 - Chest",
      "category":"chest",
      "x":49,
      "y":84,
      "z":36
    },
    {
      "secretName":"4 - Bat",
      "category":"bat",
      "x":54,
      "y":85,
      "z":34
    },
    {
      "secretName":"5 - Superboom",
      "category":"superboom",
      "x":27,
      "y":84,
      "z":55
    },
    {
      "secretName":"5 - Chest",
      "category":"chest",
      "x":10,
      "y":83,
      "z":56
    },
    {
      "secretName":"6/7/8 - Entrance",
      "category":"entrance",
      "x":14,
      "y":94,
      "z":36
    },
    {
      "secretName":"6 - Chest",
      "category":"chest",
      "x":15,
      "y":92,
      "z":31
    },
    {
      "secretName":"7/8 - Entrance",
      "category":"entrance",
      "x":20,
      "y":97,
      "z":31
    },
    {
      "secretName":"7 - Item",
      "category":"item",
      "x":26,
      "y":92,
      "z":34
    },
    {
      "secretName":"8 - Lever",
      "category":"lever",
      "x":27,
      "y":93,
      "z":32
    },
    {
      "secretName":"8 - Chest",
      "category":"chest",
      "x":27,
      "y":84,
      "z":32
    },
    {
      "secretName":"9 - Item",
      "category":"item",
      "x":27,
      "y":91,
      "z":39
    }
  ]
}
